all_messages_lang,conv_messages_lang,last_message_lang,label
da,gd,gd,gd
da,af,af,af
zh-cn,sr,sr,sr
da,sk,sk,sk
zh-cn,ky,ky,ky
ka,te,te,te
da,mn,mn,mn
zh-cn,zh-cn,zh_cn,zh-cn
ka,mt,mt,mt
et,ta,ta,ta
da,be,be,be
zh-cn,my,my,my
ka,ha,ha,ha
et,ga,ga,ga
iw,nl,nl,nl
da,ga,ga,ga
zh-cn,ky,ky,ky
ka,mt,mt,mt
et,sw,sw,sw
iw,it,it,it
ceb,vi,vi,vi
da,pl,pl,pl
zh-cn,ro,ro,ro
ka,fr,fr,fr
et,et,et,et
iw,iw,iw,iw
ceb,ceb,ceb,ceb
en,gd,gd,gd
da,da,da,da
zh-cn,ta,ta,ta
ka,gu,gu,gu
et,sl,sl,sl
iw,sd,sd,sd
ceb,hy,hy,hy
en,sr,sr,sr
no,lt,lt,lt
da,bs,bs,bs
zh-cn,no,no,no
ka,ka,ka,ka
et,el,el,el
iw,pa,pa,pa
ceb,so,so,so
en,mk,mk,mk
no,ne,ne,ne
ar,ar,ar,ar
zh-cn,ku,ku,ku
ka,gl,gl,gl
et,sr,sr,sr
iw,lv,lv,lv
ceb,fy,fy,fy
en,sl,sl,sl
no,no,no,no
ar,gl,gl,gl
am,st,st,st
da,gd,fy,da
ka,sv,sv,sv
et,hr,hr,hr
iw,ga,ga,ga
ceb,mt,mt,mt
en,si,si,si
no,tl,tl,tl
ar,lb,lb,lb
am,my,my,my
da,yi,yi,yi
zh-cn,sw,sw,sw
et,zu,zu,zu
iw,ps,ps,ps
ceb,hu,hu,hu
en,mi,mi,mi
no,ny,ny,ny
ar,sd,sd,sd
am,zu,zu,zu
da,nl,nl,nl
zh-cn,id,id,id
es,te,haw,es
iw,la,la,la
ceb,ko,ko,ko
en,en,en,en
no,te,te,te
ar,gu,gu,gu
am,ky,ky,ky
da,mn,bn,da
zh-cn,zh-cn,sq,zh-cn
es,af,af,af
ga,sr,sr,sr
ceb,ceb,ceb,ceb
en,ka,ka,ka
no,af,af,af
ar,ne,ne,ne
am,tg,tg,tg
da,be,fa,da
zh-cn,la,la,la
es,ha,ceb,es
ga,te,te,te
zh-cn,es,es,es
en,pt,pt,pt
no,km,km,km
ar,fr,fr,fr
am,am,am,am
da,ga,bn,da
zh-cn,be,be,be
es,lo,lo,lo
ga,jw,jw,jw
zh-cn,it,ny,zh-cn
ceb,af,af,af
no,gl,gl,gl
ar,gl,gl,gl
am,nl,nl,nl
da,pl,ml,da
zh-cn,fa,fa,fa
es,fr,fa,es
ga,et,ny,ga
zh-cn,iw,et,zh-cn
ceb,ceb,ps,ceb
en,gd,xh,en
ar,iw,iw,iw
am,jw,jw,jw
da,da,co,da
zh-cn,it,it,it
es,gu,fr,es
ga,ar,ar,ar
zh-cn,be,be,be
ceb,hy,ht,ceb
en,ky,ky,ky
de,lt,bn,de
am,sk,sk,sk
da,bs,da,da
zh-cn,zh-tw,zh_tw,zh-cn
es,ar,ar,ar
ga,fa,fa,fa
zh-cn,pa,th,zh-cn
ceb,so,jw,ceb
en,mk,su,en
de,ko,ko,ko
gl,ar,ne,gl
zh-cn,su,su,su
es,es,es,es
ga,ga,ga,ga
zh-cn,lv,ps,zh-cn
ceb,fy,ur,ceb
en,sl,ka,en
de,el,el,el
gl,gl,gl,gl
sw,hr,hr,hr
da,pt,pt,pt
es,sv,tr,es
ga,hr,ro,ga
zh-cn,zh-cn,zh_cn,zh-cn
ceb,be,be,be
en,it,it,it
de,tl,fi,de
gl,lb,zu,gl
sw,pl,pl,pl
da,ro,ro,ro
la,fa,fa,fa
ga,zu,bn,ga
zh-cn,cs,cs,cs
ceb,hu,bs,ceb
en,mi,cs,en
de,uz,uz,uz
gl,bn,bn,bn
sw,ta,ta,ta
da,nl,no,da
la,id,ug,la
es,my,my,my
zh-cn,tg,tg,tg
ceb,mk,mk,mk
en,en,fi,en
de,fr,fr,fr
gl,mk,mk,mk
sw,sw,sw,sw
da,mn,hr,da
la,zh-cn,ro,la
es,yo,yo,yo
ka,sm,sm,sm
ceb,ceb,sv,ceb
en,mn,mn,mn
de,af,su,de
gl,te,te,te
sw,mt,mt,mt
da,be,vi,da
la,la,en,la
es,ha,jw,es
ka,te,da,ka
zh-cn,mr,mr,mr
en,pt,el,en
de,de,de,de
gl,fr,gd,gl
sw,am,hy,sw
da,ga,hi,da
la,jw,jw,jw
es,lo,ur,es
ka,ka,ka,ka
zh-cn,he,he,he
ceb,af,es,ceb
de,gl,lo,de
gl,gl,kn,gl
sw,ug,ug,ug
da,pl,fr,da
la,la,la,la
es,la,la,la
ka,et,yo,ka
zh-cn,iw,pt,zh-cn
ceb,fa,fa,fa
bn,pa,pa,pa
gl,nl,nl,nl
sw,jw,su,sw
da,da,be,da
la,mg,mg,mg
es,gu,en,es
ka,ar,eu,ka
zh-cn,ur,ur,ur
ceb,hy,sd,ceb
bn,ky,ha,bn
lo,lt,si,lo
sw,sk,sw,sw
da,bs,et,da
la,it,it,it
es,ar,ga,es
ka,fa,ku,ka
zh-cn,pa,sd,zh-cn
ceb,cs,cs,cs
bn,ms,ms,ms
lo,ko,pl,lo
ne,ar,tl,ne
la,ml,ml,ml
es,es,sv,es
ka,so,so,so
zh-cn,lv,ja,zh-cn
ceb,fy,sl,ceb
bn,sl,ky,bn
lo,el,ga,lo
ne,gl,ht,ne
sw,hr,hu,sw
pt,pt,ug,pt
es,tr,tr,tr
ka,id,id,id
zh-cn,zh-cn,fy,zh-cn
ceb,be,ht,ceb
bn,it,hmn,bn
lo,lo,lo,lo
ne,lb,vi,ne
sw,da,da,da
pt,ro,te,pt
ug,ug,ug,ug
ka,kn,kn,kn
zh-cn,kn,kn,kn
ceb,bs,bs,bs
bn,bn,bn,bn
lo,hmn,hmn,hmn
ne,eu,eu,eu
sw,ta,ha,sw
pt,nl,pt,pt
ug,hmn,hmn,hmn
zh-tw,my,et,zh-tw
zh-cn,tg,zu,zh-cn
ceb,mk,st,ceb
bn,en,az,bn
lo,kn,kn,kn
ne,mk,ne,ne
sw,sw,tr,sw
pt,mn,kn,pt
ug,zh-cn,eo,ug
zh-tw,yo,sm,zh-tw
ka,ms,ms,ms
ceb,ceb,es,ceb
bn,mn,af,bn
lo,af,sl,lo
ne,bn,bn,bn
sw,et,et,et
pt,ro,ro,ro
ug,mg,mg,mg
zh-tw,mg,mg,mg
ka,be,be,be
mr,mr,zh_cn,mr
bn,fy,fy,fy
lo,de,te,lo
ne,fr,pa,ne
sw,am,kn,sw
pt,ga,pt,pt
ug,jw,lt,ug
zh-tw,lo,ig,zh-tw
ka,ka,lo,ka
mr,he,ru,mr
ceb,af,my,ceb
lo,gl,ja,lo
ne,ht,ht,ht
sw,ug,ko,sw
pt,ps,ps,ps
ug,la,ta,ug
zh-tw,la,tr,zh-tw
ka,et,ca,ka
mr,iw,ky,mr
ceb,fa,sq,ceb
am,hu,hu,hu
ne,nl,ar,ne
sw,jw,ko,sw
pt,da,ha,pt
ug,mg,zh_cn,ug
zh-tw,zh-tw,zh_tw,zh-tw
ka,ar,ja,ka
mr,ur,jw,mr
ceb,hy,vi,ceb
am,tg,tg,tg
am,lt,no,am
sw,sk,mi,sw
pt,co,co,co
ug,tl,tl,tl
zh-tw,ar,kn,zh-tw
ka,fa,sd,ka
mr,pa,co,mr
ceb,cs,tr,ceb
am,ms,uz,am
am,ko,tg,am
ne,ar,haw,ne
ug,ml,be,ug
zh-tw,es,so,zh-tw
ka,so,cy,ka
mr,lv,tg,mr
ceb,fy,xh,ceb
am,sl,it,am
am,el,ig,am
ne,gl,mt,ne
sw,hr,mg,sw
pt,pt,eo,pt
zh-tw,tr,bg,zh-tw
ka,ht,ht,ht
mr,zh-cn,ha,mr
ceb,ms,ms,ms
am,it,ceb,am
am,lo,ht,am
ne,lb,la,ne
sw,da,tg,sw
pt,de,de,de
ug,eo,eo,eo
ka,kn,en,ka
mr,kn,mr,mr
ceb,bs,he,ceb
am,bn,eu,am
am,am,am,am
ne,lo,lo,lo
sw,gu,gu,gu
pt,ka,ka,ka
ug,hmn,ga,ug
so,my,am,so
mr,tg,mn,mr
ceb,mk,te,ceb
am,am,am,am
am,kn,ig,am
ne,mk,hi,ne
sw,sw,fr,sw
pt,ka,ka,ka
ug,zh-cn,te,ug
so,el,el,el
zu,ms,zu,zu
ceb,ceb,eu,ceb
am,mn,ky,am
am,la,la,la
ne,bn,zh_cn,ne
sw,et,st,sw
pt,ro,sk,pt
ug,mg,th,ug
so,mg,ta,so
zu,be,tg,zu
mr,mr,pt,mr
am,fy,he,am
am,de,am,am
ne,fr,lb,ne
sw,am,so,sw
pt,ga,ps,pt
ug,et,et,et
so,lo,sd,so
zu,ka,lt,zu
mr,he,mk,mr
ta,af,sr,ta
am,gl,id,am
ne,ht,ig,ne
sw,uk,uk,uk
pt,ps,km,pt
ug,la,lb,ug
so,la,sk,so
zu,et,tl,zu
mr,iw,ar,mr
ta,fa,st,ta
fi,hu,hi,fi
ne,nl,eo,ne
sw,so,so,so
pt,da,hi,pt
ug,mg,nl,ug
so,zh-tw,fa,so
zu,ug,ug,ug
mr,ur,hu,mr
ta,vi,vi,vi
fi,tg,mt,fi
am,sn,sn,sn
sw,sk,uz,sw
pt,co,ne,pt
ug,tl,pl,ug
so,ar,sq,so
zu,fa,zu,zu
mr,haw,haw,haw
ta,ta,ta,ta
fi,ms,sm,fi
am,ko,lb,am
ne,ar,iw,ne
ug,ml,vi,ug
so,es,kk,so
zu,so,su,zu
mr,lv,pa,mr
ta,fy,km,ta
fi,sl,ha,fi
am,el,mi,am
ne,gl,et,ne
sw,hr,en,sw
co,co,co,co
so,so,so,so
zu,ht,gu,zu
mr,zh-cn,tl,mr
ta,ms,lo,ta
fi,sd,sd,sd
am,lo,de,am
ne,lb,he,ne
sw,da,sr,sw
co,de,te,co
ug,eo,co,ug
zu,kn,fa,zu
mr,kn,ms,mr
ta,bs,ta,ta
fi,bn,fi,fi
am,am,ml,am
ne,bn,bn,bn
sw,gu,lv,sw
co,ka,he,co
ug,hmn,pa,ug
so,my,si,so
mr,tg,mg,mr
ta,ny,ny,ny
fi,am,gu,fi
am,kn,sd,am
ne,mk,si,ne
sw,sw,jw,sw
co,ka,fy,co
ug,zh-cn,ceb,ug
so,el,cy,so
zu,ms,be,zu
ta,ceb,ky,ta
fi,sv,sv,sv
am,la,fi,am
ne,bn,pa,ne
sw,et,sr,sw
co,ro,ha,co
ug,my,my,my
so,mg,lb,so
zu,be,my,zu
mr,mr,et,mr
fi,fy,km,fi
am,de,af,am
ne,fr,yo,ne
sw,yi,yi,yi
co,ga,si,co
ug,et,ar,ug
so,bs,bs,bs
zu,ka,hmn,zu
mr,he,ha,mr
ta,af,ht,ta
am,gl,mi,am
ne,ht,mt,ne
sw,uk,haw,sw
co,lt,lt,lt
ug,la,pl,ug
so,fy,fy,fy
zu,et,no,zu
mr,iw,mg,mr
ta,fa,ky,ta
ar,hu,ru,ar
ne,hy,hy,hy
sw,so,es,sw
co,da,no,co
ug,mg,jw,ug
so,zh-tw,mr,so
zu,pt,pt,pt
mr,ur,mi,mr
ta,vi,cy,ta
ar,tg,ar,ar
am,mk,mk,mk
sw,sk,my,sw
co,co,te,co
ug,el,el,el
so,ar,nl,so
zu,fa,sr,zu
mr,haw,lb,mr
ta,ta,bs,ta
ar,no,no,no
am,ko,tl,am
ne,ar,bn,ne
fr,tg,tg,tg
fr,sl,sl,sl
ka,ka,ka,ka
fr,ig,ig,ig
ka,sm,sm,sm
gu,sn,sn,sn
fr,sl,sl,sl
ka,it,it,it
gu,mi,mi,mi
no,tr,tr,tr
fr,tg,tg,tg
ka,bn,bn,bn
gu,ha,ha,ha
no,ne,ne,ne
cs,th,th,th
fr,mg,mg,mg
ka,haw,haw,haw
gu,hmn,hmn,hmn
no,ug,ug,ug
cs,gd,gd,gd
hr,ca,ca,ca
fr,sw,sw,sw
ka,km,km,km
gu,xh,xh,xh
no,sv,sv,sv
cs,sv,sv,sv
hr,mg,mg,mg
fy,st,st,st
fr,fr,fr,fr
ka,ka,ka,ka
gu,jw,jw,jw
no,kn,kn,kn
cs,eo,eo,eo
hr,hi,hi,hi
fy,no,no,no
ku,ne,ne,ne
fr,lo,lo,lo
ka,km,km,km
gu,tr,tr,tr
no,ro,ro,ro
cs,su,su,su
hr,hr,hr,hr
fy,sm,sm,sm
ku,ku,ku,ku
fr,mr,mr,mr
ka,az,az,az
gu,so,so,so
no,no,no,no
cs,ja,ja,ja
hr,tr,tr,tr
fy,eu,eu,eu
ku,ku,ku,ku
fr,km,km,km
jw,de,de,de
en,tg,ka,en
gu,gu,gu,gu
no,lo,lo,lo
cs,pl,pl,pl
hr,sr,sr,sr
fy,fy,fy,fy
ku,ar,ar,ar
fr,lv,lv,lv
jw,nl,nl,nl
en,sl,zh_tw,en
ka,ka,lo,ka
no,yo,yo,yo
cs,so,so,so
hr,so,so,so
fy,he,he,he
ku,fa,fa,fa
fr,af,af,af
jw,sn,sn,sn
en,en,en,en
ka,sm,es,ka
mi,sn,az,mi
cs,cs,cs,cs
hr,sm,sm,sm
fy,sl,sl,sl
ku,mi,mi,mi
fr,la,la,la
jw,kn,kn,kn
en,en,en,en
ka,fy,fy,fy
mi,mi,mi,mi
af,tr,ar,af
hr,mk,mk,mk
fy,ko,ko,ko
ku,lv,lv,lv
fr,hy,hy,hy
jw,sn,sn,sn
en,sk,sk,sk
ka,bn,ru,ka
mi,ha,fi,mi
af,ne,sl,af
cs,he,he,he
fy,sr,sr,sr
ku,sm,sm,sm
fr,ky,ky,ky
jw,ha,ha,ha
en,mg,uk,en
ka,haw,te,ka
mi,mr,mr,mr
af,af,af,af
cs,gd,lv,cs
bs,ku,ku,ku
ku,mt,mt,mt
fr,sm,sm,sm
jw,jw,jw,jw
en,sk,sk,sk
ka,st,st,st
mi,km,km,km
af,pl,pl,pl
cs,sv,th,cs
bs,mg,th,bs
fy,st,ro,fy
fr,fr,fr,fr
jw,no,no,no
en,fr,jw,en
ka,hu,hu,hu
mi,jw,ky,mi
af,ig,ig,ig
cs,eo,uk,cs
bs,hi,ga,bs
fy,no,no,no
ar,ne,co,ar
jw,az,az,az
en,gd,gd,gd
ka,km,fr,ka
mi,fr,fr,fr
af,ro,vi,af
cs,su,tg,cs
bs,hr,bs,bs
fy,sm,mt,fy
ar,ar,ar,ar
fr,cs,cs,cs
ka,pl,pl,pl
mi,pl,pl,pl
af,no,ny,af
cs,nl,nl,nl
bs,la,la,la
fy,kn,kn,kn
ar,ku,zu,ar
fr,sr,sr,sr
hu,de,pa,hu
en,tg,lo,en
mi,gu,ku,mi
af,si,si,si
cs,mk,mk,mk
bs,iw,iw,iw
fy,fy,eu,fy
ar,ar,th,ar
fr,lv,uk,fr
hu,si,si,si
en,tl,tl,tl
fr,ka,ht,fr
af,yo,cy,af
cs,am,am,am
bs,so,co,bs
fy,vi,vi,vi
ar,my,my,my
fr,th,th,th
hu,tr,tr,tr
en,en,su,en
fr,sm,my,fr
so,sn,ur,so
cs,cs,uz,cs
bs,bs,bs,bs
fy,mt,mt,mt
ar,mi,sq,ar
fr,la,ky,fr
hu,bg,bg,bg
en,en,af,en
fr,fy,fa,fr
so,mi,no,so
lo,az,az,az
bs,ms,ms,ms
fy,ko,lt,fy
ar,pt,pt,pt
fr,mi,mi,mi
hu,sn,en,hu
en,sk,sk,sk
fr,ku,ku,ku
so,ha,he,so
lo,ru,ru,ru
uk,uk,uk,uk
fy,sr,fa,fy
ar,ug,ug,ug
fr,ky,zh_tw,fr
hu,ha,hu,hu
en,mk,mk,mk
fr,haw,en,fr
so,mr,lo,so
lo,af,es,lo
uk,sl,sl,sl
bs,ku,yo,bs
ar,sv,sv,sv
fr,ka,ka,ka
hu,hu,hu,hu
en,si,si,si
fr,pt,pt,pt
so,km,eo,so
lo,pl,mr,lo
uk,sr,sr,sr
bs,mg,fa,bs
fr,st,uz,fr
fr,fr,ko,fr
hu,lv,lv,lv
en,fr,ka,en
fr,hu,fr,fr
so,jw,ug,so
lo,ig,ms,lo
uk,eo,la,uk
bs,hi,ha,bs
fr,no,be,fr
ar,ne,so,ar
hu,az,lv,hu
en,cs,cs,cs
fr,km,mt,fr
so,pt,pt,pt
lo,lo,lo,lo
uk,eu,eu,eu
bs,hr,eu,bs
fr,sm,sd,fr
ar,ar,no,ar
fr,yi,yi,yi
fr,pl,ko,fr
so,pl,zh_cn,so
lo,no,co,lo
uk,nl,gd,uk
bs,la,et,bs
fr,cy,cy,cy
ar,pa,pa,pa
fr,sr,es,fr
sn,sw,sw,sw
en,zh-tw,zh_tw,en
so,gu,so,so
lo,si,cy,lo
uk,mk,es,uk
bs,iw,mr,bs
fr,fy,xh,fr
ar,ar,am,ar
fr,lv,su,fr
sn,si,it,sn
en,tl,ceb,en
sm,ka,sm,sm
lo,cs,cs,cs
uk,km,km,km
bs,so,sw,bs
fr,vi,ht,fr
ar,my,hi,ar
fr,ta,ta,ta
sn,tr,su,sn
en,en,co,en
sm,sm,tl,sm
gu,sn,te,gu
uk,az,az,az
bs,my,my,my
fr,ja,ja,ja
ar,hy,hy,hy
fr,ig,ig,ig
sn,bg,it,sn
en,en,pt,en
sm,fy,ne,sm
gu,mi,lb,gu
eo,az,gd,eo
bs,mk,mk,mk
fr,ko,zh_cn,fr
ar,pt,co,ar
fr,mi,kk,fr
sn,sn,haw,sn
en,sk,yi,en
sm,ru,ru,ru
gu,ha,lt,gu
eo,ru,ga,eo
eu,mg,mg,mg
fr,fr,fr,fr
ar,ug,et,ar
fr,ky,ha,fr
sn,ha,kk,sn
en,mk,ig,en
sm,haw,de,sm
gu,mr,ur,gu
eo,af,sv,eo
eu,sl,gu,eu
bs,ku,bn,bs
ar,sv,eo,ar
fr,ka,haw,fr
sn,zh-cn,zh_cn,sn
en,si,nl,en
sm,te,te,te
gu,km,la,gu
eo,eo,eo,eo
eu,de,de,de
bs,ru,ru,ru
ja,sv,sv,sv
fr,fr,fr,fr
sn,co,co,co
en,fr,lv,en
sm,hu,eu,sm
gu,gu,gu,gu
eo,ig,mn,eo
eu,eo,ku,eu
bs,pl,pl,pl
ja,no,ja,ja
sq,ne,si,sq
sn,sn,sn,sn
en,cs,su,en
sm,et,et,et
gu,pt,ar,gu
eo,lo,zh_tw,eo
eu,eu,co,eu
bs,hr,no,bs
ja,sm,id,ja
sq,lt,lt,lt
mi,yi,mi,mi
sm,ht,ht,ht
gu,pl,en,gu
eo,no,hu,eo
eu,en,en,en
bs,la,mg,bs
ja,cy,ml,ja
sq,pa,en,sq
mi,sr,sw,mi
sn,sw,yi,sn
en,zh-tw,vi,en
gu,gu,eo,gu
eo,si,eo,eo
eu,mk,sv,eu
bs,ja,ja,ja
ja,fy,pt,ja
sq,ar,xh,sq
mi,lv,sk,mi
sn,si,tr,sn
en,tl,da,en
sm,ka,fy,sm
eo,cs,gl,eo
eu,km,te,eu
bs,so,uk,bs
ja,vi,mg,ja
sq,my,kn,sq
mi,mi,mi,mi
sn,tr,pa,sn
en,en,my,en
sm,sm,mr,sm
gu,sn,hu,gu
eu,az,eu,eu
bs,my,gd,bs
ja,ja,lt,ja
sq,hy,hi,sq
mi,ig,jw,mi
sn,mg,mg,mg
en,en,so,en
sm,fy,ne,sm
gu,no,no,no
eo,az,ru,eo
bs,mk,it,bs
ja,ha,ha,ha
sq,pt,zh_tw,sq
mi,mi,fr,mi
sn,bs,bs,bs
en,sk,tl,en
sm,ru,ne,sm
gu,ha,id,gu
eo,gl,gl,gl
az,mg,ms,az
ja,fr,ps,ja
sq,ug,haw,sq
mi,ky,az,mi
sn,ha,lv,sn
en,mk,he,en
sm,haw,sr,sm
gu,cs,cs,cs
eo,af,sk,eo
az,sl,no,az
sm,ku,su,sm
sq,sq,sq,sq
mi,ka,hi,mi
sn,zh-cn,la,sn
en,si,uz,en
sm,te,jw,sm
gu,km,de,gu
eo,eo,mg,eo
az,de,ku,az
sm,sv,sv,sv
ja,sv,nl,ja
mi,fr,ht,mi
sn,fy,fy,fy
en,fr,it,en
sm,hu,mk,sm
gu,gu,bn,gu
eo,ig,mi,eo
az,eo,sk,az
sm,be,be,be
ja,no,ru,ja
sq,kn,kn,kn
sn,sn,pa,sn
en,cs,ps,en
sm,et,su,sm
gu,ms,ms,ms
eo,gu,gu,gu
az,eu,xh,az
sm,hr,pl,sm
ja,sm,ne,ja
sq,lt,la,sq
mi,yi,de,mi
sm,ht,yi,sm
gu,mg,mg,mg
eo,no,uk,eo
az,az,az,az
sm,la,jw,sm
ja,cy,bn,ja
sq,pa,fr,sq
mi,so,so,so
sn,sw,ku,sn
en,zh-tw,az,en
gu,gu,my,gu
eo,si,uk,eo
az,mk,hu,az
sm,ja,he,sm
ja,fy,ru,ja
sq,ar,ne,sq
mi,fy,fy,fy
sn,si,sr,sn
en,tl,hu,en
ht,ka,ga,ht
eo,zu,zu,zu
az,km,uz,az
sm,so,sd,sm
ja,vi,es,ja
sq,my,nl,sq
mi,mi,az,mi
sn,tr,lb,sn
en,en,ml,en
ht,sm,es,ht
gu,sn,hi,gu
az,az,th,az
sm,sm,sm,sm
ja,ja,el,ja
sq,hy,sn,sq
mi,ug,ug,ug
sn,mg,hi,sn
en,en,hi,en
ht,fy,ht,ht
gu,no,th,gu
mg,az,mr,mg
sm,mk,ru,sm
ja,ha,si,ja
sq,pt,vi,sq
mi,mi,eu,mi
sn,bs,sm,sn
en,sk,da,en
ht,ru,hmn,ht
gu,ha,hmn,gu
mg,gl,fa,mg
az,mg,lv,az
ja,fr,hmn,ja
sq,tg,tg,tg
mi,ky,st,mi
sn,hmn,hmn,hmn
en,mk,sl,en
ht,haw,ko,ht
gu,cs,uz,gu
mg,af,am,mg
az,sl,mr,az
yo,ku,gd,yo
sq,sq,ny,sq
mi,ka,ur,mi
sn,zh-cn,ig,sn
en,si,uk,en
ht,te,fa,ht
gu,km,th,gu
mg,eo,tg,mg
az,tg,tg,tg
yo,sv,pa,yo
lt,sv,he,lt
mi,fr,sk,mi
sn,fy,ka,sn
en,fr,iw,en
ht,hu,ug,ht
gu,gu,cy,gu
mg,de,de,de
az,eo,ur,az
yo,be,sv,yo
lt,no,ig,lt
sq,kn,mg,sq
sn,sn,la,sn
en,cy,cy,cy
ht,et,la,ht
gu,ms,iw,gu
mg,gu,so,mg
az,eu,gu,az
yo,hr,cy,yo
lt,lt,lt,lt
sq,hr,hr,hr
mi,yi,lt,mi
be,fy,fy,fy
be,km,km,km
ku,pt,pt,pt
be,nl,nl,nl
ku,zh-cn,zh_cn,ku
sr,ka,ka,ka
be,fy,fy,fy
ku,ta,ta,ta
sr,hy,hy,hy
iw,yo,yo,yo
be,be,be,be
ku,th,th,th
sr,ne,ne,ne
iw,st,st,st
am,zu,zu,zu
be,am,am,am
ku,hu,hu,hu
sr,lo,lo,lo
iw,ka,ka,ka
am,mt,mt,mt
fy,lb,lb,lb
be,en,en,en
ku,su,su,su
sr,da,da,da
iw,iw,iw,iw
am,ko,ko,ko
fy,ka,ka,ka
haw,en,en,en
be,sd,sd,sd
ku,mk,mk,mk
sr,ha,ha,ha
iw,ig,ig,ig
am,gd,gd,gd
fy,fy,fy,fy
haw,de,de,de
da,fr,fr,fr
be,az,az,az
ku,zu,zu,zu
sr,sr,sr,sr
iw,iw,iw,iw
am,am,am,am
fy,ne,ne,ne
haw,ca,ca,ca
da,vi,vi,vi
co,co,co,co
ku,ku,ku,ku
sr,bs,bs,bs
iw,ug,ug,ug
am,tl,tl,tl
fy,sv,sv,sv
haw,lb,lb,lb
da,ca,ca,ca
co,ps,ps,ps
sq,da,da,da
en,sw,sw,sw
sr,zh-cn,zh_cn,sr
iw,nl,nl,nl
am,te,te,te
fy,tr,tr,tr
haw,haw,haw,haw
da,da,da,da
co,st,st,st
sq,sl,sl,sl
en,lv,lv,lv
ku,fa,fa,fa
iw,hy,hy,hy
am,bs,bs,bs
fy,ml,ml,ml
haw,es,es,es
da,ky,ky,ky
co,mn,mn,mn
sq,sq,sq,sq
en,en,en,en
ku,zh-cn,da,ku
sr,ka,ha,sr
am,af,af,af
fy,lo,lo,lo
haw,ru,ru,ru
da,lb,lb,lb
co,cy,cy,cy
sq,ceb,ceb,ceb
en,fy,lo,en
ku,ta,gl,ku
sr,hy,gl,sr
hr,yo,ku,hr
fy,ru,ru,ru
haw,tr,tr,tr
da,yo,yo,yo
co,tr,tr,tr
sq,la,la,la
en,be,my,en
ku,gd,gd,gd
sr,ne,ar,sr
hr,ur,ur,ur
am,gl,gl,gl
haw,ny,ny,ny
da,ko,ko,ko
co,fr,fr,fr
sq,cs,cs,cs
en,am,da,en
ku,ar,ar,ar
sr,lo,ms,sr
hr,sv,sv,sv
am,mt,sr,am
ka,pa,pa,pa
da,uz,uz,uz
co,yi,yi,yi
sq,ms,ms,ms
en,en,la,en
ku,su,te,ku
sr,da,it,sr
hr,iw,ne,hr
am,hu,hu,hu
ka,fi,fi,fi
ar,en,it,ar
co,el,el,el
sq,eo,eo,eo
en,sd,ky,en
ku,mk,ta,ku
sr,ha,kk,sr
hr,ha,ha,ha
am,ru,ru,ru
ka,fy,ka,ka
ar,haw,haw,haw
az,az,az,az
sq,az,az,az
en,ny,ny,ny
ku,zu,uk,ku
sr,sr,co,sr
hr,iw,pa,hr
am,am,ny,am
ka,ne,la,ka
ar,hr,hr,hr
az,ig,ig,ig
zh-tw,co,vi,zh-tw
ku,ku,mr,ku
sr,bs,no,sr
hr,ug,tl,hr
am,ka,ka,ka
ka,sv,mr,ka
ar,lb,lb,lb
az,uk,uk,uk
zh-tw,da,da,da
az,da,sr,az
sw,sw,ml,sw
sr,zh-cn,es,sr
hr,hr,hr,hr
am,te,az,am
ka,be,be,be
ar,haw,ar,ar
az,da,hr,az
zh-tw,zh-tw,zh_tw,zh-tw
az,sl,hmn,az
sw,tg,tg,tg
hu,fa,ne,hu
hr,hy,cs,hr
am,bs,ms,am
ka,ml,kk,ka
ar,ar,ar,ar
az,mt,mt,mt
zh-tw,yo,yo,yo
az,sq,ur,az
sw,en,kk,sw
hu,zh-cn,pl,hu
ne,ka,gd,ne
am,af,haw,am
ka,lo,sm,ka
ar,ru,te,ar
az,st,st,st
zh-tw,cy,ml,zh-tw
az,az,az,az
sw,sw,sw,sw
hu,ta,mr,hu
ne,fa,fa,fa
ka,so,so,so
ka,ru,su,ka
ar,tr,de,ar
az,cy,cy,cy
zh-tw,tr,bg,zh-tw
az,bn,bn,bn
sw,be,ms,sw
hu,iw,iw,iw
ne,ne,ne,ne
ka,ur,mt,ka
gl,gl,gl,gl
ar,mt,mt,mt
az,ko,sr,az
zh-tw,fr,sq,zh-tw
az,fi,fi,fi
sw,ha,ha,ha
hu,ar,ca,hu
ne,lo,el,ne
ka,sv,hi,ka
gl,mt,ku,gl
ka,pa,it,ka
az,ur,ur,ur
zh-tw,zh-tw,zh_tw,zh-tw
az,th,th,th
sw,en,hmn,sw
hu,hu,hu,hu
ne,da,mg,ne
ka,iw,mg,ka
gl,hu,ha,gl
ka,fi,mn,ka
haw,en,kn,haw
zh-tw,el,it,zh-tw
az,eo,be,az
sw,tl,tl,tl
hu,it,it,it
ne,be,be,be
ka,hu,hu,hu
gl,ar,ar,ar
ka,fy,uk,ka
haw,haw,ig,haw
az,az,uk,az
az,az,yi,az
sw,ny,ky,sw
hu,zu,sn,hu
ne,sr,lv,ne
ka,az,az,az
gl,am,la,gl
ka,ne,haw,ka
haw,hr,haw,haw
az,ig,vi,az
ps,co,haw,ps
hu,ku,no,hu
ne,bs,ta,ne
ka,ug,ka,ka
gl,hy,hy,hy
ka,sv,mi,ka
haw,lb,da,haw
az,et,et,et
ps,da,eo,ps
az,da,da,da
sw,am,am,am
ne,ku,ku,ku
ka,hr,bg,ka
gl,te,ga,gl
ka,be,lb,ka
haw,gl,gl,gl
az,da,eo,az
ps,zu,zu,zu
az,la,la,la
sw,tg,ko,sw
da,fa,sq,da
ka,ka,ka,ka
gl,bs,tg,gl
ka,ml,xh,ka
haw,ar,el,haw
az,el,el,el
ps,fi,fi,fi
az,sq,ku,az
sw,en,ur,sw
da,zh-cn,uk,da
ne,haw,haw,haw
gl,ja,ja,ja
ka,lo,ga,ka
haw,xh,xh,xh
az,st,be,az
ps,ps,ps,ps
az,az,it,az
sw,sw,sn,sw
da,hmn,hmn,hmn
ne,fa,pa,ne
ka,en,en,en
ka,ru,ta,ka
haw,tr,bs,haw
az,cy,mi,az
ps,tr,ht,ps
az,bn,id,az
sw,be,ku,sw
da,iw,da,da
ne,ne,mg,ne
ka,en,en,en
hy,gl,kk,hy
haw,mt,su,haw
az,hu,hu,hu
ps,tl,tl,tl
az,fi,ca,az
sw,af,af,af
da,so,so,so
ne,lo,si,ne
ka,sv,sq,ka
hy,cy,cy,cy
fi,fa,fa,fa
az,ur,zh_cn,az
ps,zh-tw,bg,ps
az,sv,sv,sv
sw,sd,sd,sd
da,hu,ps,da
ne,da,vi,ne
ka,hy,hy,hy
hy,hu,hy,hy
fi,fi,sw,fi
haw,en,zh_tw,haw
ps,kn,kn,kn
az,ta,ta,ta
sw,tl,el,sw
da,my,my,my
ne,ha,ha,ha
ka,be,be,be
hy,ar,ur,hy
fi,fy,fi,fi
haw,haw,iw,haw
uk,az,ru,uk
az,az,uk,az
sw,ny,no,sw
da,zu,lb,da
ne,sr,la,ne
ka,da,da,da
hy,am,uk,hy
fi,ne,kk,fi
haw,tl,tl,tl
uk,ig,la,uk
ps,co,zu,ps
da,ku,de,da
ne,bs,fi,ne
ka,ug,cs,ka
hy,hy,vi,hy
fi,sv,ht,fi
haw,lb,ko,haw
uk,su,su,su
ps,de,de,de
az,da,ga,az
ny,am,lb,ny
ne,ceb,ceb,ceb
ka,hr,bs,ka
hy,te,ga,hy
fi,be,sk,fi
haw,gl,gl,gl
uk,da,uk,uk
ps,sk,sk,sk
az,la,yi,az
ny,tg,vi,ny
hu,hi,hi,hi
ka,eu,eu,eu
hy,bs,eu,hy
fi,el,el,el
haw,ar,da,haw
uk,lt,lt,lt
ps,fi,af,ps
az,sq,tr,az
ny,en,be,ny
hu,zh-cn,ga,hu
ha,haw,es,ha
hy,ja,bg,hy
fi,ht,ht,ht
haw,la,la,la
uk,ha,ha,ha
ps,km,km,km
az,ky,ky,ky
ny,bg,bg,bg
hu,hmn,af,hu
ha,fa,hr,ha
ka,bg,bg,bg
fi,xh,xh,xh
haw,tr,mg,haw
uk,cy,cy,cy
ps,tr,id,ps
az,bn,lb,az
ny,ny,ny,ny
hu,iw,hu,hu
ha,ne,ha,ha
ka,th,th,th
hy,gl,uz,hy
haw,mt,pl,haw
uk,hu,sn,uk
ps,tl,zh_cn,ps
az,fi,nl,az
ny,af,jw,ny
hu,et,et,et
ha,nl,nl,nl
ka,ja,ja,ja
hy,cy,tr,hy
xh,fa,gd,xh
uk,ur,hi,uk
ps,zh-tw,af,ps
az,sv,hr,az
ny,sd,te,ny
hu,hu,mi,hu
ha,ht,ht,ht
ka,hy,so,ka
hy,hu,no,hy
xh,fi,sd,xh
haw,en,pt,haw
ps,kn,et,ps
az,ta,tr,az
ny,tl,fi,ny
hu,my,nl,hu
ha,ha,az,ha
ka,be,km,ka
hy,ar,zh_tw,hy
xh,fy,ne,xh
haw,bs,bs,bs
uk,az,yo,uk
az,sm,sm,sm
ny,ny,yi,ny
hu,zu,af,hu
ha,sr,es,ha
ka,da,si,ka
hy,am,hmn,hy
xh,ne,xh,xh
haw,tl,af,haw
uk,ig,en,uk
ps,co,ar,ps
hu,ku,km,hu
ha,bs,la,ha
ka,mg,mg,mg
hy,hy,ht,hy
xh,ms,ms,ms
haw,lb,el,haw
uk,su,st,uk
ps,de,ro,ps
am,am,am,am
ny,am,si,ny
ha,ceb,pa,ha
ka,hr,xh,ka
hy,te,mr,hy
xh,be,yo,xh
haw,gl,uk,haw
uk,hy,hy,hy
ps,zu,zu,zu
am,la,gl,am
ny,tg,lo,ny
hmn,hi,el,hmn
ka,eu,ht,ka
hy,bs,ka,hy
xh,so,so,so
haw,ar,he,haw
uk,lt,jw,uk
ps,fi,haw,ps
am,sq,mk,am
ny,ur,ur,ur
hmn,zh-cn,gd,hmn
ha,haw,pl,ha
hy,ja,el,hy
xh,ht,tl,xh
haw,id,id,id
uk,ha,it,uk
ps,km,en,ps
am,ky,kn,am
ny,bg,zu,ny
hmn,hmn,id,hmn
ha,fa,zu,ha
en,en,en,en
xh,xh,uk,xh
haw,kk,kk,kk
uk,cy,eu,uk
ps,tr,hr,ps
am,pl,pl,pl
ny,ny,lo,ny
hmn,iw,hmn,hmn
ha,ne,ar,ha
en,th,km,en
ar,gl,hi,ar
haw,mt,de,haw
uk,hu,hr,uk
ps,tl,el,ps
am,fi,kn,am
ny,da,da,da
hmn,et,lv,hmn
ha,nl,ug,ha
en,ja,co,en
ar,cy,sm,ar
xh,fa,de,xh
uk,ur,ms,uk
ps,zh-tw,yo,ps
am,sv,am,am
ny,co,co,co
hmn,ca,ca,ca
ha,ht,mg,ha
en,eo,eo,eo
ar,ar,ar,ar
xh,fi,ru,xh
haw,en,no,haw
ps,kn,mg,ps
am,ta,pl,am
ny,tl,ka,ny
hmn,hmn,hmn,hmn
ha,da,da,da
en,be,ceb,en
ar,ar,km,ar
xh,fy,eo,xh
haw,bs,km,haw
uk,az,bn,uk
am,sm,pt,am
ny,ny,ta,ny
hmn,zu,yo,hmn
ha,ms,ms,ms
en,da,he,en
ar,am,st,ar
xh,ne,mr,xh
haw,tl,ne,haw
uk,ig,mr,uk
ps,co,km,ps
mk,id,id,id
mk,ur,ur,ur
ca,eo,eo,eo
mk,kk,kk,kk
ca,hu,hu,hu
bn,bn,bn,bn
mk,lo,lo,lo
ca,su,su,su
bn,ka,ka,ka
ms,sw,sw,sw
mk,ha,ha,ha
ca,et,et,et
bn,ne,ne,ne
ms,lt,lt,lt
hy,eu,eu,eu
mk,ur,ur,ur
ca,ca,ca,ca
bn,sn,sn,sn
ms,hi,hi,hi
hy,ceb,ceb,ceb
el,hr,hr,hr
mk,ml,ml,ml
ca,bs,bs,bs
bn,su,su,su
ms,be,be,be
hy,vi,vi,vi
el,yo,yo,yo
su,eu,eu,eu
mk,ka,ka,ka
ca,ar,ar,ar
bn,ky,ky,ky
ms,ml,ml,ml
hy,ja,ja,ja
el,eo,eo,eo
su,la,la,la
ha,jw,jw,jw
mk,mk,mk,mk
ca,tr,tr,tr
bn,ko,ko,ko
ms,gl,gl,gl
hy,hy,hy,hy
el,gd,gd,gd
su,ka,ka,ka
ha,te,te,te
eu,sk,sk,sk
ca,bs,bs,bs
bn,uz,uz,uz
ms,tg,tg,tg
hy,sk,sk,sk
el,ku,ku,ku
su,ceb,ceb,ceb
ha,eu,eu,eu
eu,te,te,te
iw,sn,sn,sn
ur,id,tg,ur
bn,pa,pa,pa
ms,ms,ms,ms
hy,en,en,en
el,el,el,el
su,co,co,co
ha,ka,ka,ka
eu,mt,mt,mt
iw,hu,hu,hu
ur,ur,tg,ur
ca,kn,kn,kn
ms,so,so,so
hy,hi,hi,hi
el,uk,uk,uk
su,su,su,su
ha,ha,ha,ha
eu,eu,eu,eu
iw,si,si,si
ur,my,my,my
ca,nl,nl,nl
bn,bn,sr,bn
hy,st,st,st
el,ml,ml,ml
su,uk,uk,uk
ha,fa,fa,fa
eu,ga,ga,ga
iw,bn,bn,bn
ur,lo,ur,ur
ca,su,tg,ca
bn,nl,nl,nl
ceb,ceb,ceb,ceb
el,nl,nl,nl
su,am,am,am
ha,zh-tw,zh_tw,ha
eu,gu,gu,gu
iw,kn,kn,kn
ur,ha,sm,ur
ca,co,co,co
bn,lo,lo,lo
ceb,ig,ig,ig
vi,ny,ny,ny
su,fa,fa,fa
ha,ml,ml,ml
eu,kn,kn,kn
iw,ig,ig,ig
ur,fr,fr,fr
ca,ca,es,ca
bn,ro,ro,ro
ceb,id,id,id
vi,ceb,vi,vi
el,hr,mk,el
ha,sq,sq,sq
eu,uk,uk,uk
iw,iw,iw,iw
ur,ml,uk,ur
ca,ka,ka,ka
bn,my,my,my
ceb,iw,iw,iw
vi,vi,yi,vi
el,so,so,so
co,eu,zh_cn,co
eu,te,te,te
iw,hi,hi,hi
ur,ka,eo,ur
ca,gl,gl,gl
bn,ky,he,bn
ceb,yo,yo,yo
vi,ja,sq,vi
el,eo,ka,el
co,ca,ca,ca
ha,my,my,my
iw,no,no,no
ur,mk,su,ur
ca,fy,fy,fy
bn,ko,tr,bn
ceb,gl,tg,ceb
vi,hy,he,vi
el,ta,ta,ta
co,mr,mr,mr
ha,ta,ta,ta
zh-cn,ml,ml,ml
ca,ig,ig,ig
bn,ht,ht,ht
ceb,fa,fa,fa
vi,zh-tw,zh_tw,vi
el,ku,af,el
co,mi,mi,mi
ha,fr,fr,fr
zh-cn,so,so,so
vi,lo,lo,lo
ur,ny,ny,ny
bn,cy,cy,cy
ceb,ms,yi,ceb
vi,en,fi,vi
el,el,et,el
co,ka,ka,ka
ha,ha,ha,ha
zh-cn,he,he,he
vi,sn,sn,sn
ur,ur,yi,ur
ca,kn,ga,ca
ceb,ku,ku,ku
vi,hi,ur,vi
el,he,he,he
co,su,co,co
ha,fy,fy,fy
zh-cn,eu,gl,zh-cn
vi,gl,gl,gl
ur,my,ml,ur
ca,nl,tl,ca
bn,bn,vi,bn
vi,st,zu,vi
el,ml,sv,el
co,be,be,be
ha,ka,ka,ka
zh-cn,ha,ha,ha
vi,vi,vi,vi
ur,lo,ms,ur
ca,su,la,ca
bn,bn,bn,bn
ar,ceb,su,ar
el,nl,ga,el
co,ne,ne,ne
ha,zh-tw,ne,ha
zh-cn,zh-cn,zh_cn,zh-cn
vi,kn,en,vi
ur,ha,mg,ur
ca,co,sk,ca
bn,lo,pl,bn
ar,ig,km,ar
vi,ny,lo,vi
co,fa,mi,co
ha,gl,gl,gl
zh-cn,ar,ar,ar
vi,ka,ka,ka
ur,si,si,si
ca,ca,ceb,ca
bn,pl,pl,pl
ar,ha,ha,ha
vi,ceb,mg,vi
he,hr,sr,he
ha,sq,gd,ha
zh-cn,af,af,af
vi,iw,vi,vi
ur,ml,hy,ur
ca,ka,uk,ca
bn,bs,bs,bs
ar,iw,he,ar
vi,pt,pt,pt
he,sn,sn,sn
co,et,et,et
zh-cn,my,my,my
vi,bs,bs,bs
ur,ka,st,ur
ca,gl,sl,ca
bn,ky,gd,bn
ar,yo,eu,ar
vi,ja,fi,vi
he,eo,pl,he
co,ca,kk,co
ha,my,af,ha
vi,no,ps,vi
ur,mk,ka,ur
ca,fy,fr,ca
bn,ko,vi,bn
ar,bs,bs,bs
vi,hy,vi,vi
he,ta,bs,he
co,mr,fr,co
ha,ps,ps,ps
bs,ml,hi,bs
ca,ig,cy,ca
bn,ht,tr,bn
ar,hy,hy,hy
vi,zh-tw,mg,vi
he,ku,he,he
co,mi,sd,co
ha,fr,ja,ha
bs,bs,bs,bs
vi,lo,jw,vi
my,bn,bn,bn
bn,cy,fi,bn
ar,ms,sn,ar
vi,en,sn,vi
he,el,haw,he
co,ka,gd,co
ha,af,af,af
bs,he,mg,bs
vi,sn,be,vi
my,ur,it,my
sl,kn,zu,sl
ar,ar,ar,ar
vi,hi,cy,vi
he,he,hmn,he
co,su,fa,co
ha,fy,hi,ha
bs,eu,pl,bs
vi,gl,af,vi
my,my,ps,my
sl,nl,sl,sl
bn,am,am,am
vi,st,ar,vi
he,ta,ta,ta
co,be,id,co
ha,ka,st,ha
bs,ha,ur,bs
vi,zu,zu,zu
my,lo,az,my
sl,sk,sk,sk
bn,bn,ka,bn
ha,ceb,la,ha
he,nl,mt,he
co,ne,zh_tw,co
ha,zh-tw,sv,ha
bs,zh-cn,pa,bs
vi,kn,ig,vi
my,ha,ku,my
sl,co,tg,sl
bn,lo,ug,bn
ha,ig,ny,ha
vi,ny,fa,vi
co,fa,bn,co
ha,gl,mt,ha
bs,ar,bg,bs
vi,ka,cy,vi
my,si,iw,my
sl,ca,it,sl
bn,pl,pa,bn
ha,ha,ha,ha
vi,ceb,ta,vi
he,hr,ar,he
ha,ha,ha,ha
bs,af,ga,bs
vi,iw,ko,vi
my,et,et,et
sl,ka,sv,sl
bn,so,so,so
ha,iw,si,ha
vi,pt,tr,vi
he,sn,fa,he
co,hr,hr,hr
bs,my,ky,bs
vi,bs,st,vi
my,ny,ny,ny
sl,gl,kk,sl
bn,ky,ha,bn
ha,kn,kn,kn
vi,ja,ko,vi
he,eo,fi,he
co,ca,af,co
ha,my,te,ha
vi,no,da,vi
my,mk,my,my
sl,mg,mg,mg
bn,ko,lo,bn
ha,bs,en,ha
vi,hy,sq,vi
he,bs,bs,bs
co,mr,ne,co
ha,ps,kn,ha
bs,ml,yo,bs
sl,ig,zh_cn,sl
bn,ht,sl,bn
ha,hy,hi,ha
vi,zh-tw,ug,vi
he,ku,ha,he
co,mi,cs,co
ha,fr,vi,ha
bs,bs,mk,bs
kn,km,km,km
bn,bn,tr,bn
bn,cy,ig,bn
ha,ms,si,ha
vi,en,ga,vi
he,el,es,he
co,ka,mn,co
ha,uk,uk,uk
bs,lo,lo,lo
kn,sn,mg,kn
bn,bn,bn,bn
sl,kn,ja,sl
ha,ar,cy,ha
vi,hi,ta,vi
he,he,bn,he
co,da,da,da
ha,fy,lo,ha
bs,eu,et,bs
kn,mn,mn,mn
bn,my,ka,bn
sl,nl,ug,sl
bn,am,tr,bn
vi,ar,ar,ar
he,ta,kk,he
co,be,si,co
ha,eu,eu,eu
bs,ha,mi,bs
kn,zu,lt,kn
bn,lo,sr,bn
sl,sk,si,sl
bn,bn,vi,bn
ha,ceb,so,ha
he,pt,pt,pt
co,sq,sq,sq
ha,vi,vi,vi
bs,zh-cn,sr,bs
kn,kn,bn,kn
bn,ha,hy,bn
sl,co,ro,sl
bn,hu,hu,hu
ha,ig,fy,ha
ceb,ny,mk,ceb
co,fa,pl,co
ha,gl,hmn,ha
bs,ar,id,bs
kn,ka,sq,kn
bn,si,la,bn
sl,ca,ms,sl
bn,ro,ro,ro
ha,ha,si,ha
ceb,ceb,ceb,ceb
eo,hr,eo,eo
ha,ha,he,ha
bs,sm,sm,sm
kn,iw,pt,kn
bn,et,ig,bn
sl,ka,hr,sl
bn,hy,hy,hy
ha,iw,so,ha
ceb,da,da,da
eo,yo,yo,yo
ca,ms,ms,ms
bs,my,de,bs
kn,ca,ca,ca
bn,ny,ca,bn
sl,pa,pa,pa
bn,ky,zh_tw,bn
ha,kn,st,ha
ceb,ja,fy,ceb
eo,eo,te,eo
ca,ca,yo,ca
ha,uk,uk,uk
kn,no,kn,kn
bn,mk,ar,bn
sl,zh-tw,zh_tw,sl
bn,ko,ky,bn
ha,bs,sw,ha
ceb,hy,si,ceb
eo,bs,pa,eo
ca,ug,ug,ug
ha,ps,sv,ha
ur,ml,ms,ur
sl,ig,am,sl
bn,ht,gu,bn
ha,hy,ku,ha
ceb,zh-tw,su,ceb
eo,da,da,da
ca,mi,sl,ca
ha,fr,ky,ha
ur,bs,be,ur
vi,he,he,he
si,sm,sm,sm
bn,su,su,su
ha,ms,uk,ha
ceb,fr,fr,fr
eo,el,gd,eo
ca,ka,id,ca
ha,uk,yo,ha
ur,lo,de,ur
vi,ga,ga,ga
si,bn,sl,si
it,kn,sq,it
ha,ar,ko,ha
ceb,hi,ceb,ceb
eo,he,pa,eo
ca,da,bg,ca
ha,fy,ky,ha
ur,eu,ms,ur
vi,mn,ku,vi
si,ceb,ceb,ceb
it,nl,mt,it
ro,am,ur,ro
ceb,ar,fy,ceb
eo,ml,ml,ml
ca,ca,ca,ca
ha,eu,vi,ha
ur,ur,ur,ur
vi,vi,vi,vi
si,si,si,si
it,sk,hu,it
ro,bn,ps,ro
st,ceb,lv,st
eo,pt,ko,eo
ca,sq,zh_tw,ca
ha,pa,pa,pa
ur,zh-cn,si,ur
vi,kn,es,vi
si,ha,zu,si
it,eo,eo,eo
ro,hu,kn,ro
st,ig,tg,st
ceb,ny,mn,ceb
ca,fa,sn,ca
ha,gl,lb,ha
ur,ar,tr,ur
vi,af,af,af
si,si,jw,si
it,ca,st,it
ro,ro,ro,ro
st,ha,eu,st
ceb,ceb,te,ceb
pt,hr,ka,pt
ha,ha,ug,ha
ur,sm,xh,ur
vi,iw,haw,vi
si,et,lo,si
it,ka,ta,it
ro,hy,ne,ro
st,iw,kk,st
ceb,da,pa,ceb
pt,yo,ig,pt
ca,ms,hi,ca
ur,my,sv,ur
vi,uk,uk,uk
si,ny,nl,si
it,it,it,it
ro,ky,zh_cn,ro
st,kn,lb,st
ceb,ja,ne,ceb
pt,eo,th,pt
ca,ca,mn,ca
ha,uk,en,ha
vi,ceb,ceb,ceb
si,mk,tg,si
it,zh-tw,vi,it
ro,it,it,it
st,bs,st,st
ceb,hy,id,ceb
pt,bs,sr,pt
ca,ug,fy,ca
ha,ps,ug,ha
ur,ml,so,ur
he,id,id,id
he,he,he,he
gl,ne,ne,ne
he,lt,lt,lt
gl,fy,fy,fy
fy,fy,fy,fy
he,ta,ta,ta
gl,te,te,te
fy,ky,ky,ky
hr,en,en,en
he,sw,sw,sw
gl,cs,cs,cs
fy,hi,hi,hi
hr,bn,bn,bn
hy,hy,hy,hy
he,ru,ru,ru
gl,su,su,su
fy,pl,pl,pl
hr,gd,gd,gd
hy,ky,ky,ky
lb,lb,lb,lb
he,yi,yi,yi
gl,ml,ml,ml
fy,tl,tl,tl
hr,hr,hr,hr
hy,sn,sn,sn
lb,ga,ga,ga
km,km,km,km
he,gu,gu,gu
gl,sd,sd,sd
fy,sl,sl,sl
hr,zh-tw,zh_tw,hr
hy,ug,ug,ug
lb,fy,fy,fy
km,ht,ht,ht
ml,es,es,es
he,mi,mi,mi
gl,hi,hi,hi
fy,pt,pt,pt
hr,co,co,co
hy,ku,ku,ku
lb,my,my,my
km,tg,tg,tg
ml,de,de,de
hr,ku,ku,ku
gl,gl,gl,gl
fy,si,si,si
hr,no,no,no
hy,ms,ms,ms
lb,mk,mk,mk
km,el,el,el
ml,mg,mg,mg
hr,fi,fi,fi
lt,ht,ht,ht
hy,id,tg,hy
fy,su,su,su
hr,te,te,te
hy,ru,ru,ru
lb,si,si,si
km,km,km,km
ml,ha,ha,ha
hr,hr,hr,hr
lt,af,af,af
hy,he,ny,hy
fy,eo,eo,eo
hr,pl,pl,pl
hy,ceb,ceb,ceb
lb,fi,fi,fi
km,gl,gl,gl
ml,sq,sq,sq
hr,ug,ug,ug
lt,az,az,az
hy,lt,ms,hy
fy,fy,fy,fy
pt,fy,ne,pt
hy,id,id,id
lb,en,en,en
km,sk,sk,sk
ml,km,km,km
hr,hi,hi,hi
lt,ar,ar,ar
hy,ta,fa,hy
fy,te,gu,fy
pt,fa,fa,fa
hr,hmn,hmn,hmn
lb,de,de,de
km,eu,eu,eu
ml,ml,ml,ml
hr,haw,haw,haw
lt,ur,ur,ur
hy,hy,hy,hy
fy,co,co,co
pt,da,da,da
hr,bn,kn,hr
ms,hy,yi,ms
km,pt,pt,pt
ml,tg,tg,tg
hr,ko,ko,ko
lt,mk,mk,mk
hy,ru,fa,hy
fy,su,et,fy
pt,bs,bs,bs
hr,mr,mr,mr
ms,zu,zu,zu
lb,lb,nl,lb
ml,jw,jw,jw
hr,yo,yo,yo
lt,es,es,es
hy,th,th,th
fy,ml,zu,fy
pt,tg,tg,tg
hr,hr,ceb,hr
ms,sn,jw,ms
lb,ga,az,lb
km,km,ga,km
hr,vi,vi,vi
lt,lt,lt,lt
hy,ko,ko,ko
fy,tr,tr,tr
pt,sl,pt,pt
hr,si,si,si
ms,cy,cy,cy
lb,kn,kn,kn
km,ht,tg,km
ml,es,ko,ml
lt,en,en,en
hy,sm,sm,sm
fy,cs,cs,cs
pt,yo,yo,yo
hr,co,sm,hr
ms,ku,ro,ms
lb,mn,mn,mn
km,ps,ps,ps
ml,it,it,it
hr,ta,ta,ta
fy,gl,lv,fy
pt,et,et,et
hr,no,no,no
ms,ms,ky,ms
lb,mk,bg,lb
km,el,km,km
ml,zh-tw,zh_tw,ml
hr,ig,ig,ig
lt,ht,mk,lt
ms,ha,ha,ha
pt,ug,ug,ug
hr,te,sr,hr
ms,ku,ku,ku
lb,ha,ha,ha
km,km,no,km
ml,vi,vi,vi
hr,hr,bg,hr
lt,eu,eu,eu
ms,he,pt,ms
fy,eo,bs,fy
hr,pl,uk,hr
ms,ms,ms,ms
lb,ml,ml,ml
km,de,de,de
ml,ml,ml,ml
hr,ug,el,hr
lt,az,da,lt
ms,lt,pa,ms
fy,fy,sq,fy
pt,fy,ru,pt
ms,he,he,he
lb,sk,sk,sk
km,my,my,my
ml,km,de,ml
hr,hi,sd,hr
lt,so,so,so
ms,id,id,id
fy,ps,ps,ps
pt,fa,zu,pt
zh-tw,zh-tw,zh_tw,zh-tw
lb,de,xh,lb
km,eu,ko,km
ml,ml,sl,ml
hr,fr,fr,fr
lt,sn,sn,sn
ms,hy,sm,ms
fy,bg,bg,bg
pt,da,mi,pt
zh-tw,kn,kn,kn
ka,hy,iw,ka
km,sm,sm,sm
ml,st,st,st
hr,iw,iw,iw
lt,nl,nl,nl
ms,ru,hu,ms
fy,su,ta,fy
pt,bs,eo,pt
zh-tw,mr,pa,zh-tw
ka,zu,iw,ka
mk,lb,ta,mk
ml,uk,uk,uk
hr,yo,co,hr
lt,es,de,lt
ms,ms,ms,ms
fy,ml,ms,fy
pt,ht,ht,ht
zh-tw,lb,lb,lb
ka,ka,ka,ka
mk,bn,bn,bn
gl,sr,sr,sr
hr,vi,ht,hr
lt,lt,gu,lt
ms,tl,tl,tl
fy,ga,ga,ga
pt,sv,sv,sv
zh-tw,si,et,zh-tw
ka,cy,fr,ka
mk,kn,fi,mk
gl,ht,iw,gl
ml,mn,mn,mn
lt,en,cs,lt
ms,sm,ka,ms
fy,cs,eo,fy
pt,yo,ig,pt
zh-tw,am,am,am
ka,ka,ka,ka
mk,mn,fa,mk
gl,mt,mt,mt
ml,bs,bs,bs
hr,ta,he,hr
fy,gl,sq,fy
pt,et,af,pt
zh-tw,tg,tg,tg
ka,tg,tg,tg
mk,mk,mk,mk
gl,el,sr,gl
ml,zh-tw,fr,ml
hr,ig,ha,hr
es,my,my,my
id,ha,ta,id
pt,ug,bn,pt
zh-tw,te,it,zh-tw
ka,uk,uk,uk
mk,ha,gd,mk
gl,km,tr,gl
ml,vi,ta,ml
hr,hr,lb,hr
es,eu,ky,es
id,fy,fy,fy
fy,pa,pa,pa
zh-tw,ht,ht,ht
ka,ms,sk,ka
mk,bg,bg,bg
gl,de,ne,gl
ml,ml,mn,ml
hr,ug,so,hr
es,az,mt,es
id,lt,id,id
fy,fy,jw,fy
ht,fy,vi,ht
ka,he,fa,ka
mk,sk,ne,mk
gl,my,haw,gl
ml,km,haw,ml
hr,hi,tg,hr
es,so,id,es
id,id,uk,id
fy,zh-tw,zh_tw,fy
ht,fa,ht,ht
tg,zh-tw,zh_cn,tg
mk,ro,ro,ro
gl,eu,sn,gl
ml,ml,hmn,ml
hr,fr,ka,hr
es,ko,ko,ko
id,hy,yo,id
fy,bg,yo,fy
ht,da,st,ht
tg,kn,et,tg
ms,hy,bs,ms
gl,gl,gl,gl
ml,st,my,ml
hr,sq,sq,sq
es,mr,mr,mr
id,ru,kk,id
fy,su,ru,fy
ht,bs,ug,ht
tg,mr,sn,tg
ms,nl,nl,nl
mk,lb,ca,mk
ml,uk,ta,ml
hr,km,km,km
es,hy,hy,hy
id,ms,da,id
fy,ml,hy,fy
ht,ht,ht,ht
tg,lb,ta,tg
ms,ka,ms,ms
mk,bn,es,mk
gl,jw,jw,jw
hr,en,en,en
es,lt,es,es
id,tl,sd,id
fy,ga,zh_tw,fy
ht,sv,he,ht
tg,si,vi,tg
ms,cy,ig,ms
mk,kn,th,mk
gl,ht,eo,gl
ml,mn,no,ml
es,en,uk,es
id,sm,sq,id
fy,cs,ta,fy
ht,yo,haw,ht
tg,mi,mi,mi
ms,ka,pt,ms
mk,mn,ja,mk
gl,cy,cy,cy
ml,bs,my,ml
es,ta,mn,es
fy,gl,mr,fy
ht,et,el,ht
tg,tg,sq,tg
ms,tg,ga,ms
mk,mk,af,mk
gl,el,ko,gl
ml,zh-tw,sw,ml
es,ig,hu,es
es,mt,mt,mt
id,cs,cs,cs
ht,ug,ceb,ht
tg,te,ta,tg
ms,am,am,am
mk,ha,jw,mk
gl,he,he,he
ml,en,en,en
es,hr,bg,es
es,eu,el,es
id,fy,ht,id
fy,pa,nl,fy
tg,ht,tg,tg
ms,ms,fi,ms
mk,bg,pl,mk
gl,de,sw,gl
ml,ml,mn,ml
es,es,es,es
es,az,haw,es
id,lt,ca,id
fy,fy,cy,fy
el,fy,th,el
ms,he,yi,ms
mk,xh,xh,xh
gl,be,be,be
ml,km,xh,ml
es,es,es,es
es,so,lo,es
id,he,he,he
fy,zh-tw,xh,fy
el,fa,ku,el
tg,zh-tw,ka,tg
mk,ro,tg,mk
gl,eu,mr,gl
ml,ml,el,ml
es,fr,en,es
es,sq,sq,sq
id,hy,ps,id
fy,bg,am,fy
el,da,fa,el
tg,kn,te,tg
ms,hy,az,ms
gl,gl,no,gl
ml,st,vi,ml
es,sn,sn,sn
es,mr,he,es
id,ru,hmn,id
fy,su,mr,fy
el,bs,te,el
tg,mr,am,tg
ms,nl,kk,ms
mk,lb,so,mk
ml,uk,ig,ml
es,bn,bn,bn
es,hy,iw,es
id,ms,ga,id
fy,ml,ga,fy
el,ht,tr,el
tg,gl,gl,gl
ms,ka,lo,ms
mk,bn,sk,mk
gl,jw,sw,gl
es,hr,hr,hr
es,lt,am,es
id,tl,ga,id
fy,ga,sl,fy
el,sv,ne,el
tg,ky,ky,ky
ms,cy,ja,ms
mk,hu,hu,hu
gl,ht,la,gl
ml,mn,ku,ml
es,en,ig,es
id,mk,mk,mk
fy,cs,tr,fy
el,el,el,el
tg,mi,de,tg
ms,ka,zu,ms
mk,no,no,no
gl,cy,hmn,gl
ml,sl,sl,sl
es,ta,cs,es
fy,gl,sl,fy
el,et,hmn,el
tg,ko,ko,ko
ms,tg,id,ms
mk,mk,haw,mk
gl,el,hmn,gl
ml,zh-tw,es,ml
es,ig,sl,es
es,mt,bg,es
id,cs,ro,id
el,nl,nl,nl
tg,te,sv,tg
ms,ig,ig,ig
mk,bs,bs,bs
gl,he,hr,gl
ml,en,mn,ml
es,hr,mr,es
es,eu,ta,es
id,fy,it,id
fy,pa,fy,fy
tg,ht,da,tg
ms,ms,ny,ms
mk,bg,xh,mk
gl,de,ro,gl
ml,ml,ro,ml
es,es,kn,es
es,az,sw,es
id,lt,ha,id
fy,fy,et,fy
fy,fy,cy,fy
ms,hy,hy,hy
mk,en,en,en
gl,be,ny,gl
ml,km,ro,ml
es,ku,ku,ku
es,jw,jw,jw
id,de,de,de
fy,zh-tw,ja,fy
fy,fa,su,fy
tg,zh-tw,he,tg
mk,ro,si,mk
gl,ceb,ceb,ceb
ml,ml,en,ml
es,fr,hmn,es
es,sq,mi,es
id,hy,ne,id
fy,bg,ka,fy
fy,yo,yo,yo
tg,kn,am,tg
hy,hy,pt,hy
gl,gl,ka,gl
ml,st,ko,ml
es,sn,kn,es
es,mr,ml,es
id,ru,ug,id
fy,su,lv,fy
fy,bs,fy,fy
tg,xh,xh,xh
hy,nl,ga,hy
mk,lb,et,mk
ml,uk,ja,ml
es,bn,sr,es
es,hy,gl,es
id,ms,es,id
fy,ml,yo,fy
fy,ht,vi,fy
tg,gl,ar,tg
hy,ka,ml,hy
mk,bn,sq,mk
gl,co,co,co
es,hr,yi,es
es,bs,bs,bs
id,tl,jw,id
fy,ga,yi,fy
fy,sv,ml,fy
tg,ky,ps,tg
hy,cy,hy,hy
mk,da,da,da
gl,ht,st,gl
ml,ny,ny,ny
es,en,mi,es
id,mk,ms,id
fy,cs,ml,fy
fy,am,am,am
tg,mi,st,tg
hy,be,be,be
mk,no,zu,mk
gl,cy,iw,gl
ml,sl,sq,ml
kn,ta,th,kn
